country;year;cluster_id;urban_rural;lat;lon;iwi;month
Madagascar;2013;266;R;-18.845026;47.534988;0.8935778515815515;1
Madagascar;2013;267;R;-18.94601;47.605573;1.084828665552218;1
Madagascar;2013;268;R;-18.863378;47.56636;0.9273502260135468;1
Madagascar;2013;269;R;-18.94827;47.671312;-0.5128393899508681;1
Madagascar;2013;270;R;-19.065608;47.680092;-1.059769150329139;1
Madagascar;2013;271;R;-18.846055;47.434847;0.4184492166169561;1
Madagascar;2013;272;R;-18.839895;47.478169;1.3461896707582877;1
Madagascar;2013;273;R;-18.824754;47.454456;1.4299541514402578;1
Madagascar;2013;274;R;-18.748662;47.37015;-0.6594087091927604;1
Madagascar;2013;275;R;-18.884091;47.409206;0.3969155157690734;1
Madagascar;2013;276;R;-18.132391;46.991108;-2.348410386360166;1
Madagascar;2013;277;R;-17.846465;47.085887;-2.9477900048597707;1
Madagascar;2013;278;R;-18.986283;47.772161;-0.6935441508553917;1
Madagascar;2013;279;R;-19.127849;47.794755;-0.1756345349508962;1
Madagascar;2013;280;R;-18.747498;47.718757;-0.1316370249737837;1
Madagascar;2013;281;R;-18.288925;47.821559;0.428781211467764;1
Madagascar;2013;282;R;-18.12047;47.528584;-1.7374055190412612;1
Madagascar;2013;283;R;-19.156151;47.551067;-0.9337563456847048;1
Madagascar;2013;284;R;-19.175537;47.824287;-0.730855981569621;1
Madagascar;2013;285;R;-18.964547;47.453758;0.8738965268315098;1
Madagascar;2013;286;R;-18.906744;47.477226;0.7076355070580159;1
Madagascar;2013;287;R;-18.943502;47.444432;0.3900795149266312;1
Madagascar;2013;288;R;-18.954516;47.534995;1.3106262285404986;1
Madagascar;2013;289;R;-18.990883;47.539004;2.0524139872073004;1
Madagascar;2013;290;R;-18.979235;47.484619;-0.1375488310774067;1
Madagascar;2013;291;R;-18.980392;47.50284;0.8836917030308292;1
Madagascar;2013;292;R;-19.078592;47.543702;0.1318164649058028;1
Madagascar;2013;293;R;-19.751916;46.6108;-1.3717572255068633;1
Madagascar;2013;294;R;-19.413649;46.801779;-2.084138609737668;1
Madagascar;2013;295;R;-20.047987;47.047816;-0.9447749832506832;1
Madagascar;2013;296;R;-19.560246;46.596471;-1.7256380763208794;1
Madagascar;2013;297;U;-19.013256;47.169635;0.4055699866963235;1
Madagascar;2013;298;U;-18.99762;47.222564;0.1870432332433007;1
Madagascar;2013;299;R;-18.963657;47.330412;0.5363672440602526;1
Madagascar;2013;300;R;-18.840582;47.200755;-1.7013034015988266;1
Madagascar;2013;301;U;-18.944669;46.921651;0.920289243029052;1
Madagascar;2013;302;U;-18.955318;46.903598;0.4848800619878074;1
Madagascar;2013;303;R;-18.926711;46.965729;-0.7372268154708912;1
Madagascar;2013;304;R;-18.859156;46.629094;-1.4536239652901293;1
Madagascar;2013;305;R;-18.836991;46.737286;-1.7725830395119997;1
Madagascar;2013;306;R;-19.126665;46.67892;-0.8203734046560879;1
Madagascar;2013;307;U;-18.777906;46.050778;1.145697328563683;1
Madagascar;2013;308;R;-18.737724;46.037531;-1.2388022690978917;1
Madagascar;2013;309;R;-18.739895;46.406195;-0.3960814328255705;1
Madagascar;2013;310;R;-18.501776;45.880964;-1.167541970747413;1
Madagascar;2013;311;R;-18.605051;46.689902;-1.1724608563221008;1
Madagascar;2013;312;U;-21.819182;46.937397;-0.7388306968230842;1
Madagascar;2013;313;U;-21.844897;46.925648;1.3285556687932016;1
Madagascar;2013;314;U;-21.823495;46.927969;0.4020500533877539;1
Madagascar;2013;315;U;-21.848592;46.982735;-1.6013967425864128;1
Madagascar;2013;316;R;-21.932943;46.989851;-2.062413264146254;1
Madagascar;2013;317;R;-21.918183;46.76626;-2.0765442437519344;1
Madagascar;2013;318;U;-21.101965;47.22549;1.3556317018592667;1
Madagascar;2013;319;R;-21.112509;47.307341;-2.21940978785654;1
Madagascar;2013;320;R;-20.972638;47.276606;-2.479375590789698;1
Madagascar;2013;321;R;-21.25818;47.114603;-2.73640092043941;1
Madagascar;2013;322;R;-21.498039;46.741858;-2.3075418017442675;1
Madagascar;2013;323;R;-21.482402;47.177673;-2.16445919357229;1
Madagascar;2013;324;R;-21.268517;47.300887;-1.5557683812277034;1
Madagascar;2013;325;R;-21.722013;47.261058;-2.394500317739276;1
Madagascar;2013;326;R;-21.616396;46.805242;-1.875060155884697;1
Madagascar;2013;327;R;-21.716594;47.338581;-2.163860022357238;1
Madagascar;2013;328;R;-21.243343;47.021297;-2.188424471229001;1
Madagascar;2013;329;R;-21.12551;46.947777;-2.17021955776694;1
Madagascar;2013;330;R;-20.353474;46.943582;-1.5175446809975346;1
Madagascar;2013;331;U;-20.522764;47.238977;1.320036737470564;1
Madagascar;2013;332;U;-20.527651;47.237563;0.8057465593912408;1
Madagascar;2013;333;U;-20.54012;47.25602;0.4268340939281919;1
Madagascar;2013;334;U;-20.523693;47.244797;1.1903692895263407;1
Madagascar;2013;335;U;-20.554852;47.244751;-0.8011925133246965;1
Madagascar;2013;336;R;-20.560118;47.217804;-2.5137778827712784;1
Madagascar;2013;337;R;-20.451086;47.262859;-1.333024764024742;1
Madagascar;2013;338;R;-20.209909;47.054761;-1.429134423818656;1
Madagascar;2013;339;R;-20.284811;47.424541;-1.7247943276645643;1
Madagascar;2013;340;R;-20.345668;47.268678;-1.4159105552927196;1
Madagascar;2013;341;R;-20.467971;47.357167;-1.9252420064302769;1
Madagascar;2013;342;R;-20.799203;46.968052;-2.8627429187138063;1
Madagascar;2013;343;R;-21.542269;47.705496;-2.1658854347101872;1
Madagascar;2013;344;R;-20.428923;48.361929;-1.847792299025772;1
Madagascar;2013;345;R;-20.558567;48.21504;-2.024246505793632;1
Madagascar;2013;346;U;-21.239234;48.313839;-1.5160059174793123;1
Madagascar;2013;347;R;-21.394703;48.019961;-1.3129014405096215;1
Madagascar;2013;348;R;-20.864168;47.901362;-2.491334682904076;1
Madagascar;2013;349;U;-22.189423;47.983852;-0.9981554353194808;1
Madagascar;2013;350;R;-21.81063;47.826011;-0.5577044117472097;1
Madagascar;2013;351;R;-21.745662;48.046219;-0.8424046883434717;1
Madagascar;2013;352;R;-21.878395;47.450932;-0.5694814807622632;1
Madagascar;2013;353;R;-22.156962;47.375384;-2.3936832609635363;1
Madagascar;2013;354;R;-22.445429;47.736628;-1.946422420724357;1
Madagascar;2013;355;U;-22.393873;46.129511;1.0515933389047456;1
Madagascar;2013;356;R;-22.515479;45.166925;-2.8436784619153688;1
Madagascar;2013;357;R;-22.876411;47.726041;-0.8693787079933128;1
Madagascar;2013;358;R;-22.851781;47.545896;-2.1000840226672586;1
Madagascar;2013;359;U;-23.336684;47.59908;-0.5451523901977318;1
Madagascar;2013;360;R;-23.413401;47.599876;-2.1637392344255333;1
Madagascar;2013;361;R;-23.55284;47.564996;-1.7186488676512344;1
Madagascar;2013;362;R;-23.911065;47.146685;-2.5188844405632547;1
Madagascar;2013;363;U;-22.840058;47.349323;-2.3725085242514043;1
Madagascar;2013;364;R;-22.536229;47.510478;-2.185342328786996;1
Madagascar;2013;365;U;-18.167541;49.394547;1.4964785512831438;1
Madagascar;2013;366;U;-18.160857;49.376987;0.3460862841231122;1
Madagascar;2013;367;U;-18.15213;49.389829;0.4797378019483241;1
Madagascar;2013;368;U;-18.178782;49.394556;0.1255993497591426;1
Madagascar;2013;369;U;-18.155119;49.393042;0.8547133373039001;1
Madagascar;2013;370;U;-18.129125;49.39699;0.8499214356522343;1
Madagascar;2013;371;U;-18.137492;49.38825;1.203582896360592;1
Madagascar;2013;372;U;-18.143727;49.404567;1.926187161841625;1
Madagascar;2013;373;R;-18.899808;49.009592;-1.4195915959289982;1
Madagascar;2013;374;R;-18.604323;48.659976;-2.01040280280168;1
Madagascar;2013;375;R;-19.68655;48.818495;-1.3021583031525026;1
Madagascar;2013;376;R;-20.25725;48.635428;-2.0332064509308907;1
Madagascar;2013;377;R;-19.829436;48.301136;-1.7554672039195582;1
Madagascar;2013;378;R;-17.903461;49.416422;-1.376545760487028;1
Madagascar;2013;379;R;-17.756529;49.169104;-1.1051222781517742;1
Madagascar;2013;380;U;-16.902175;49.878365;0.1090198818653303;1
Madagascar;2013;381;U;-15.43327;49.734964;0.2812423081379443;1
Madagascar;2013;382;R;-15.290077;49.746395;-1.507318930448298;1
Madagascar;2013;383;R;-15.689183;49.634039;-0.6142684998021157;1
Madagascar;2013;384;R;-16.321535;49.58374;-1.0567868152553015;1
Madagascar;2013;385;U;-17.380344;49.399038;1.0546093235368028;1
Madagascar;2013;386;R;-17.579936;49.385821;-1.135833534091676;1
Madagascar;2013;387;R;-17.123119;49.395356;-0.9965720916217928;1
Madagascar;2013;388;R;-17.406731;49.306152;0.6656107403431609;1
Madagascar;2013;389;R;-16.840566;49.630464;-0.8459720717087899;1
Madagascar;2013;390;R;-17.509174;48.313234;0.0377204769758422;1
Madagascar;2013;391;R;-17.75163;48.21826;-0.7501626985518968;1
Madagascar;2013;392;R;-17.247047;48.545312;-1.5376250318442344;1
Madagascar;2013;393;U;-17.818442;48.415593;0.6638273682596876;1
Madagascar;2013;394;U;-17.832952;48.418192;1.5874584897163635;1
Madagascar;2013;395;R;-17.555365;48.514744;-0.9640674990251225;1
Madagascar;2013;396;R;-18.088214;48.38042;-2.3879319383265023;1
Madagascar;2013;397;U;-18.95186;48.206223;0.7347273921846995;1
Madagascar;2013;398;U;-18.955614;48.229394;-0.5275468864850029;1
Madagascar;2013;399;R;-18.756821;48.346906;-1.5742443547093086;1
Madagascar;2013;400;R;-19.222847;47.971834;-2.26575542375938;1
Madagascar;2013;401;R;-17.041022;48.543119;-0.2882542250228707;1
Madagascar;2013;402;R;-19.355151;48.230374;-1.944957536120196;1
Madagascar;2013;403;U;-15.696581;46.3245;1.33515554959765;1
Madagascar;2013;404;U;-15.726047;46.312702;1.7224289452275536;1
Madagascar;2013;405;U;-15.72297;46.314835;2.4233804627163047;1
Madagascar;2013;406;U;-15.711973;46.310309;1.235283817660168;1
Madagascar;2013;407;U;-15.707928;46.341553;1.5272332192552318;1
Madagascar;2013;408;U;-15.712159;46.340242;1.2482027109898248;1
Madagascar;2013;409;U;-15.719457;46.344688;0.7517708260196261;1
Madagascar;2013;410;R;-16.458185;46.752928;-2.2240974807400744;1
Madagascar;2013;411;U;-16.100092;46.681529;-0.6716780723252611;1
Madagascar;2013;412;R;-15.96947;46.947102;-2.195709204728705;1
Madagascar;2013;413;R;-15.992475;46.09981;-2.196842435087012;1
Madagascar;2013;414;U;-15.578036;47.621276;1.0572816367493325;1
Madagascar;2013;415;R;-15.51215;47.459959;-2.7169754063273115;1
Madagascar;2013;416;R;-15.470576;47.61551;-1.4847830620918667;1
Madagascar;2013;417;U;-15.853103;48.827532;1.0849450449552571;1
Madagascar;2013;418;R;-15.585127;48.948127;-2.579529771464644;1
Madagascar;2013;419;R;-14.27476;47.853081;-1.1582844416358238;1
Madagascar;2013;420;R;-15.291783;47.093449;-2.22769441806322;1
Madagascar;2013;421;R;-14.920047;48.767444;-2.368521468064938;1
Madagascar;2013;422;U;-14.87512;48.000002;0.2209399607956008;1
Madagascar;2013;423;R;-15.035175;48.265393;-2.023091718440575;1
Madagascar;2013;424;R;-14.643156;48.540701;-1.8002486920086491;1
Madagascar;2013;425;R;-15.891211;47.601281;-2.5803300733433736;1
Madagascar;2013;426;U;-16.94473;46.830159;1.3417885986231797;1
Madagascar;2013;427;R;-17.113409;46.583447;-2.2763116060253226;1
Madagascar;2013;428;R;-16.775499;47.630352;-2.682668280298669;1
Madagascar;2013;429;R;-16.146696;45.35432;-1.9383321921110257;1
Madagascar;2013;430;R;-18.928474;44.296862;-1.2775034655399409;1
Madagascar;2013;431;U;-18.070788;44.021814;-0.7832356682982714;1
Madagascar;2013;432;R;-17.994109;44.544418;-1.6438112182594675;1
Madagascar;2013;433;U;-23.369373;43.685209;0.9782060216820726;1
Madagascar;2013;434;U;-23.354023;43.65761;1.1812722065790724;1
Madagascar;2013;435;U;-23.356108;43.679726;0.4604611023211662;1
Madagascar;2013;436;U;-23.357193;43.687128;0.0936692519972291;1
Madagascar;2013;437;U;-23.338483;43.657457;1.5333041864380272;1
Madagascar;2013;438;R;-22.115629;43.857417;-0.5923240594259906;1
Madagascar;2013;439;R;-23.973391;44.639901;-2.276788229286066;1
Madagascar;2013;440;R;-23.811152;44.117036;-1.5077732579499594;1
Madagascar;2013;441;R;-23.929885;44.410385;-1.968676509304914;1
Madagascar;2013;442;R;-23.653366;44.623728;-2.1203091815691293;1
Madagascar;2013;443;R;-23.479073;44.496265;-0.1812856194875577;1
Madagascar;2013;444;R;-23.839103;45.068156;-2.014645405836136;1
Madagascar;2013;445;R;-24.704235;44.741801;0.5554135487059385;1
Madagascar;2013;446;R;-24.809489;44.487025;-1.4692554723512128;1
Madagascar;2013;447;R;-24.49173;45.072042;-2.0166607621253565;1
Madagascar;2013;448;R;-24.513231;44.674527;-3.003618525262817;1
Madagascar;2013;449;R;-24.403108;44.937916;-1.593196524914405;1
Madagascar;2013;450;R;-24.522757;44.993108;-1.8726503847271816;1
Madagascar;2013;451;R;-24.312317;44.525699;-2.1718957164421373;1
Madagascar;2013;452;R;-24.472926;44.462381;-1.8296928919009448;1
Madagascar;2013;453;R;-24.056207;44.436316;-1.5279179897575768;1
Madagascar;2013;454;R;-24.266784;44.741215;-1.9801911675738584;1
Madagascar;2013;455;R;-25.009084;44.193752;-1.4503744161082632;1
Madagascar;2013;456;R;-25.151549;44.412006;-1.4348915735582668;1
Madagascar;2013;457;R;-24.008465;44.682453;-1.6302051811753375;1
Madagascar;2013;458;R;-24.049239;45.12731;-2.95447025048953;1
Madagascar;2013;459;R;-24.11911;45.000905;-1.940598576481196;1
Madagascar;2013;460;R;-24.390321;43.763763;-1.3504392080343637;1
Madagascar;2013;461;R;-24.835776;44.032402;-1.7575697283632972;1
Madagascar;2013;462;R;-24.460987;44.219553;-1.867377574867688;1
Madagascar;2013;463;R;-22.58391;44.290389;-2.7033933460680384;1
Madagascar;2013;464;R;-23.447978;43.956875;-2.775680102105832;1
Madagascar;2013;465;R;-22.8275;43.552156;-1.71300665804356;1
Madagascar;2013;466;R;-25.14438;45.028223;-1.4249411196895294;1
Madagascar;2013;467;R;-25.25324;44.985263;-1.6449672914462865;1
Madagascar;2013;468;R;-25.239563;45.216061;-1.272013116917469;1
Madagascar;2013;469;R;-25.120618;44.639728;-2.1274748673689325;1
Madagascar;2013;470;R;-24.739639;45.329504;-1.9275626266186023;1
Madagascar;2013;471;R;-24.900341;45.32713;-1.6950237873359637;1
Madagascar;2013;472;R;-25.366981;45.316298;-1.7220622373494685;1
Madagascar;2013;473;R;-25.383831;45.394779;-1.816392841898912;1
Madagascar;2013;474;R;-25.55638;45.450044;-2.3295814329605324;1
Madagascar;2013;475;R;-25.46953;45.653351;-2.374047382537824;1
Madagascar;2013;476;R;-25.316454;45.679449;-2.7048494922540964;1
Madagascar;2013;477;R;-25.274525;45.739015;-2.488390631050171;1
Madagascar;2013;478;R;-25.161603;46.055453;-2.1825520383792267;1
Madagascar;2013;479;R;-25.18504;46.075097;-0.5054948637465223;1
Madagascar;2013;480;R;-25.22894;46.116352;-2.4848679909179463;1
Madagascar;2013;481;R;-25.223385;45.996847;-1.9207469124653809;1
Madagascar;2013;482;R;-25.054522;46.178924;-2.4551997918103177;1
Madagascar;2013;483;R;-25.164518;46.015156;-1.6636699851120416;1
Madagascar;2013;484;R;-25.058776;45.983544;-2.3237137516801014;1
Madagascar;2013;485;R;-25.177017;46.137231;-1.2508617451912405;1
Madagascar;2013;486;R;-25.106148;46.218171;-1.368393493559359;1
Madagascar;2013;487;R;-25.188909;45.850204;0.0534708027753509;1
Madagascar;2013;488;R;-25.31957;45.895315;-2.171945427107284;1
Madagascar;2013;489;R;-25.16493;45.812127;-2.054817573645624;1
Madagascar;2013;490;R;-25.114242;45.618261;-2.5687151401093407;1
Madagascar;2013;491;R;-25.002375;45.693438;-1.7233618194272018;1
Madagascar;2013;492;R;-24.514379;45.74139;-1.7817169226742928;1
Madagascar;2013;493;R;-24.78182;45.515298;-1.648125230198228;1
Madagascar;2013;494;R;-24.98702;45.567421;-1.5633613430076343;1
Madagascar;2013;495;R;-25.020963;45.389981;-2.53525336383309;1
Madagascar;2013;496;R;-24.253403;45.196455;-1.9823292576365408;1
Madagascar;2013;497;R;-24.027757;45.512107;-2.4513588769017125;1
Madagascar;2013;498;U;-25.014545;46.988135;0.9876123455560932;1
Madagascar;2013;499;R;-25.071463;46.833847;-1.8986572267395128;1
Madagascar;2013;500;R;-24.876714;46.687851;-2.585386687351173;1
Madagascar;2013;501;R;-24.685843;46.819313;-2.629374553868016;1
Madagascar;2013;502;R;-24.335363;47.198748;-2.6233953390171343;1
Madagascar;2013;503;U;-23.272701;46.102975;0.8387872661292081;1
Madagascar;2013;504;R;-23.819129;45.733936;-0.4470894098569483;1
Madagascar;2013;505;R;-25.063942;46.358044;-0.2242545274985454;1
Madagascar;2013;506;R;-25.068045;46.395;-1.4167084943681458;1
Madagascar;2013;507;R;-24.938946;46.422953;-2.5202086302121915;1
Madagascar;2013;508;R;-25.142453;46.494072;-2.490812436299508;1
Madagascar;2013;509;R;-24.81631;46.171911;-2.5288462662453783;1
Madagascar;2013;510;R;-24.580046;46.435678;-2.052566763627788;1
Madagascar;2013;511;U;-20.295512;44.293942;0.8921430830568676;1
Madagascar;2013;512;U;-20.295407;44.27562;0.0511826095150197;1
Madagascar;2013;513;R;-20.161831;44.437187;-2.064166242587479;1
Madagascar;2013;514;R;-20.368149;45.024289;-1.787991952978941;1
Madagascar;2013;515;R;-19.918219;44.61122;-1.694349874421616;1
Madagascar;2013;516;R;-19.704837;45.37559;-1.1021450048258732;1
Madagascar;2013;517;R;-12.134445;49.194814;-1.245477689708716;1
Madagascar;2013;518;U;-12.276815;49.292656;1.6344958322295504;1
Madagascar;2013;519;U;-12.285586;49.285492;1.7622056673334985;1
Madagascar;2013;520;U;-12.298772;49.301532;0.4594866398137285;1
Madagascar;2013;521;U;-12.315828;49.287575;1.0588973082517816;1
Madagascar;2013;522;U;-13.188616;49.049364;0.8036559728796647;1
Madagascar;2013;523;R;-13.265704;49.114451;-2.145776382173367;1
Madagascar;2013;524;R;-13.626146;48.755496;-1.9721493008248845;1
Madagascar;2013;525;U;-13.401309;48.256749;0.0382895847343092;1
Madagascar;2013;526;U;-13.406502;48.274968;1.4706189751494108;1
Madagascar;2013;527;U;-13.357744;48.205659;-1.0334079887699803;1
Madagascar;2013;528;U;-13.673799;48.444825;0.274910684449887;1
Madagascar;2013;529;R;-13.967412;48.526624;-1.3663100891706843;1
Madagascar;2013;530;U;-14.90546;50.267837;1.5844569782511957;1
Madagascar;2013;531;R;-14.865616;50.186675;0.3438681340984996;1
Madagascar;2013;532;U;-14.279263;50.140817;0.8127232753038509;1
Madagascar;2013;533;R;-14.368621;50.018214;0.0461481023328228;1
Madagascar;2013;534;R;-14.217852;49.684551;-1.804258197339056;1
Madagascar;2013;535;U;-14.651695;49.628413;-0.2460727434742096;1
Madagascar;2013;536;R;-14.778115;49.57536;-1.2910520040850493;1
Madagascar;2013;537;U;-13.361176;50.016658;0.7484968802247797;1
Madagascar;2013;538;R;-13.2596;49.831255;-2.38372035708666;1
Madagascar;2013;539;R;-13.917982;49.739343;-1.9408588274567249;1
Madagascar;2016;540;R;-18.96995;47.567985;1.2423673642501392;1
Madagascar;2016;541;R;-18.833509;47.571587;-0.2362621207625369;1
Madagascar;2016;542;R;-18.842987;47.630718;-0.823607395427153;1
Madagascar;2016;543;R;-18.833024;47.411923;-0.18895810934031;1
Madagascar;2016;544;R;-18.824122;47.447832;0.7764188806304525;1
Madagascar;2016;545;R;-18.756854;47.558353;-0.7989698771834376;1
Madagascar;2016;546;R;-18.317023;47.072833;0.4133598964002363;1
Madagascar;2016;547;R;-18.01371;46.981669;-2.412351404499836;1
Madagascar;2016;548;R;-18.922671;47.65978;-0.8557544230723279;1
Madagascar;2016;549;R;-18.487543;47.804102;-1.0864179509912746;1
Madagascar;2016;550;R;-18.223747;47.626797;-1.9403824214982897;1
Madagascar;2016;551;R;-18.935935;47.479585;1.2011178284556034;1
Madagascar;2016;552;R;-18.907819;47.475495;1.1431540174601047;1
Madagascar;2016;553;R;-18.909095;47.473849;0.7593243322976831;1
Madagascar;2016;554;R;-18.963669;47.532087;1.5247816772310028;1
Madagascar;2016;555;R;-18.98732;47.489231;0.1098714256221243;1
Madagascar;2016;556;R;-19.832187;46.856812;-1.6774945242569854;1
Madagascar;2016;557;R;-19.786984;46.734335;-2.2917450108041333;1
Madagascar;2016;558;R;-19.746468;46.617466;-2.159073236968007;1
Madagascar;2016;559;R;-19.602799;46.739135;-2.0172978554104275;1
Madagascar;2016;560;R;-19.659747;46.650239;-1.7961445753431324;1
Madagascar;2016;561;R;-19.241845;47.450986;-2.274683224401428;1
Madagascar;2016;562;R;-19.267458;46.975346;-0.3334661259243832;1
Madagascar;2016;563;R;-19.457326;46.7052;-2.791394090059201;1
Madagascar;2016;564;R;-19.964288;47.031102;-0.0176617537800995;1
Madagascar;2016;565;R;-20.125303;47.085415;-2.035921293739278;1
Madagascar;2016;566;R;-19.581155;46.28696;-0.1200692807092717;1
Madagascar;2016;567;R;-19.504455;46.25909;-2.186552420394092;1
Madagascar;2016;568;R;-19.673949;46.523954;-1.8002471742259247;1
Madagascar;2016;569;R;-19.458041;46.529929;-1.9805089514873024;1
Madagascar;2016;570;R;-19.660556;46.247565;-2.5531693729619023;1
Madagascar;2016;571;U;-18.997476;47.198296;0.4663922226509593;1
Madagascar;2016;572;R;-18.920667;47.199792;-1.1403192604313654;1
Madagascar;2016;573;R;-18.971374;47.334861;-0.19438498599533;1
Madagascar;2016;574;R;-18.916863;47.301843;-0.9807005543273708;1
Madagascar;2016;575;R;-19.053891;47.426814;-1.876872129884096;1
Madagascar;2016;576;R;-19.138361;47.360314;-1.043716812203489;1
Madagascar;2016;577;U;-18.959303;46.88656;-0.3901195106155724;1
Madagascar;2016;578;R;-18.740321;46.819876;-0.6777946743091653;1
Madagascar;2016;579;R;-19.115229;46.937277;-2.2720984007510783;1
Madagascar;2016;580;R;-18.985148;46.735236;-0.5405354798253741;1
Madagascar;2016;581;R;-18.881166;46.732203;-1.822652348431821;1
Madagascar;2016;582;R;-18.782486;47.076192;-2.4357600642606667;1
Madagascar;2016;583;R;-19.096992;46.683062;-1.9412517726457783;1
Madagascar;2016;584;R;-19.044958;46.75448;-1.5082752549019085;1
Madagascar;2016;585;R;-19.043691;46.632811;-1.3121305222261164;1
Madagascar;2016;586;R;-19.131377;46.429858;-1.3875780094561296;1
Madagascar;2016;587;U;-18.773394;46.043487;0.7695015252735267;1
Madagascar;2016;588;U;-18.794815;46.056932;-0.1762035505998895;1
Madagascar;2016;589;R;-18.827572;46.095997;-0.1841684389573529;1
Madagascar;2016;590;R;-18.67556;46.325381;-1.840309272612925;1
Madagascar;2016;591;R;-18.99926;46.459172;-0.3390869678873097;1
Madagascar;2016;592;R;-18.883623;45.871876;-1.2317167552900814;1
Madagascar;2016;593;R;-18.525575;46.297459;-0.9550391986466772;1
Madagascar;2016;594;R;-18.917899;45.711029;-1.3278821352839405;1
Madagascar;2016;595;R;-18.77178;46.53052;-0.4971247124918057;1
Madagascar;2016;596;R;-19.137017;46.343532;-0.4368363836324706;1
Madagascar;2016;597;R;-19.137578;45.97628;-1.0718790362000326;1
Madagascar;2016;598;R;-19.271489;46.148195;-1.5911748842018614;1
Madagascar;2016;599;R;-18.507689;46.913923;-2.2377999431045126;1
Madagascar;2016;600;R;-18.644404;46.892167;-0.5375904231064916;1
Madagascar;2016;601;R;-18.287535;46.060005;-2.0333207190549403;1
Madagascar;2016;602;R;-17.994429;46.451796;-2.2234412961731302;1
Madagascar;2016;603;U;-21.833613;46.934005;1.7398503182216172;1
Madagascar;2016;604;R;-21.82638;46.844212;-3.042760250393689;1
Madagascar;2016;605;R;-21.850189;46.795536;-3.0614253597704773;1
Madagascar;2016;606;R;-21.995597;46.446492;-2.4150344144596567;1
Madagascar;2016;607;U;-21.107325;47.207807;-1.4698704308599202;1
Madagascar;2016;608;R;-21.175976;47.24866;-1.9157881246437527;1
Madagascar;2016;609;R;-21.005115;47.253766;-3.039632069805755;1
Madagascar;2016;610;R;-21.257285;47.089201;-2.7569360290130924;1
Madagascar;2016;611;R;-21.370427;46.819361;-3.66532979486192;1
Madagascar;2016;612;R;-21.407163;47.21199;0.6199698656873219;1
Madagascar;2016;613;R;-21.249769;47.180252;-2.9236515287926363;1
Madagascar;2016;614;R;-21.411194;47.134877;-0.8512512998470898;1
Madagascar;2016;615;R;-21.566786;47.025399;-1.0188229517676275;1
Madagascar;2016;616;R;-21.649578;46.954443;-1.7448936546889238;1
Madagascar;2016;617;R;-21.317957;46.973382;-0.9581704207327868;1
Madagascar;2016;618;R;-21.387995;46.918417;-0.103436435120106;1
Madagascar;2016;619;R;-20.334204;46.749048;-2.8125303771594794;1
Madagascar;2016;620;R;-20.866219;46.858508;-3.625905162734012;1
Madagascar;2016;621;R;-20.364194;46.90648;-1.9409376385721944;1
Madagascar;2016;622;R;-20.607044;45.9992;-0.7939597300609496;1
Madagascar;2016;623;U;-20.529564;47.24486;-1.048985875110494;1
Madagascar;2016;624;U;-20.543163;47.240847;0.6025056207644915;1
Madagascar;2016;625;R;-20.51265;47.136;-2.686890516609478;1
Madagascar;2016;626;R;-20.460351;47.173522;-2.064736855453226;1
Madagascar;2016;627;R;-20.616158;47.391577;-2.211053826994733;1
Madagascar;2016;628;R;-20.804103;47.408446;-2.9212856339147906;1
Madagascar;2016;629;R;-20.268054;47.333633;-1.0039777018621607;1
Madagascar;2016;630;R;-20.115227;47.357642;-2.198323502342724;1
Madagascar;2016;631;R;-20.347781;47.301012;-1.7837981414324957;1
Madagascar;2016;632;R;-20.237665;47.455718;-2.1052830864534977;1
Madagascar;2016;633;R;-20.766937;47.042453;-2.724742141853881;1
Madagascar;2016;634;R;-20.864698;46.987087;-2.229809261648858;1
Madagascar;2016;635;R;-21.539422;47.749264;-1.5091612605681264;1
Madagascar;2016;636;R;-20.439872;48.353611;-1.7340513028015287;1
Madagascar;2016;637;R;-20.512063;48.201586;-0.6921016935011415;1
Madagascar;2016;638;U;-21.221087;48.351695;-0.1541515412837473;1
Madagascar;2016;639;R;-21.12521;48.160521;-2.221991190970704;1
Madagascar;2016;640;R;-20.929966;48.151428;-2.2738588611255404;1
Madagascar;2016;641;U;-22.137359;48.015299;0.6868258772615831;1
Madagascar;2016;642;R;-21.9064;47.9051;-1.6027747162444332;1
Madagascar;2016;643;R;-22.069969;47.734384;-0.8856505411047031;1
Madagascar;2016;644;R;-21.680769;47.832812;-2.3556576982549404;1
Madagascar;2016;645;R;-21.51356;47.428415;-1.779995291526845;1
Madagascar;2016;646;R;-22.352716;47.840519;0.4155941477573026;1
Madagascar;2016;647;R;-22.458043;47.840245;-1.929950447749179;1
Madagascar;2016;648;R;-22.320509;47.762047;-2.0571217361629115;1
Madagascar;2016;649;R;-22.314322;47.811879;-1.6444426466200048;1
Madagascar;2016;650;R;-22.29861;47.717081;-1.3498549038727996;1
Madagascar;2016;651;R;-22.355518;47.598108;-1.5161254265136366;1
Madagascar;2016;652;R;-22.272853;47.508949;-1.8262599737910548;1
Madagascar;2016;653;U;-22.40482;46.129785;0.5463498578308705;1
Madagascar;2016;654;U;-22.400333;46.125322;0.8106434668507184;1
Madagascar;2016;655;R;-22.381665;46.271967;-2.2841202642643657;1
Madagascar;2016;656;R;-22.21115;46.0868;-1.5382027290765496;1
Madagascar;2016;657;R;-22.638986;45.893217;-3.0615571213750328;1
Madagascar;2016;658;R;-22.361624;46.548936;-2.318028752630612;1
Madagascar;2016;659;R;-22.396359;45.502133;-2.6613358915196645;1
Madagascar;2016;660;R;-22.596938;45.400213;-0.5851123115878909;1
Madagascar;2016;661;R;-22.671683;45.230623;-0.7917783067649963;1
Madagascar;2016;662;R;-22.855643;45.045995;-3.1728833202067257;1
Madagascar;2016;663;R;-22.486191;46.913279;-2.143930103933988;1
Madagascar;2016;664;R;-22.792922;46.615773;-1.1271057154092474;1
Madagascar;2016;665;U;-22.827093;47.823652;0.3333685180898815;1
Madagascar;2016;666;U;-22.828009;47.831588;-0.2959443302138112;1
Madagascar;2016;667;R;-22.746879;47.806108;-1.6345913742600604;1
Madagascar;2016;668;R;-22.903284;47.663794;-1.997719378995568;1
Madagascar;2016;669;R;-22.792035;47.492431;-1.8654933570231285;1
Madagascar;2016;670;R;-23.164368;47.599176;-2.0883771780976024;1
Madagascar;2016;671;R;-23.005063;47.572119;-1.6164726524215454;1
Madagascar;2016;672;U;-23.346673;47.605502;-0.0367586567844459;1
Madagascar;2016;673;R;-23.302598;47.624252;-1.9394955724428369;1
Madagascar;2016;674;R;-23.339812;47.447807;-0.9401890335551372;1
Madagascar;2016;675;R;-23.429998;47.299194;-1.2774556647139057;1
Madagascar;2016;676;R;-23.811976;47.533414;-2.001412368777469;1
Madagascar;2016;677;U;-22.829911;47.316179;-0.9507665835650362;1
Madagascar;2016;678;R;-22.665894;47.413959;-1.573616082188256;1
Madagascar;2016;679;R;-22.33258;47.388366;-1.6720610265274871;1
Madagascar;2016;680;U;-18.154599;49.411576;1.606997275723874;1
Madagascar;2016;681;U;-18.166254;49.390025;0.9607586213900547;1
Madagascar;2016;682;U;-18.139056;49.391366;1.5688252309891393;1
Madagascar;2016;683;R;-18.863988;49.066675;-1.2849004187228288;1
Madagascar;2016;684;R;-18.644129;48.96143;-1.077237930783468;1
Madagascar;2016;685;R;-18.460184;49.113452;-1.0164004696858513;1
Madagascar;2016;686;R;-18.32721;48.990705;-1.1001288006375822;1
Madagascar;2016;687;R;-19.564373;48.852845;-0.9930321520058084;1
Madagascar;2016;688;R;-19.946221;48.687908;-2.265646295832268;1
Madagascar;2016;689;R;-20.202149;48.5069;-2.452722845443316;1
Madagascar;2016;690;R;-20.250653;48.307765;-1.332186379661938;1
Madagascar;2016;691;R;-20.097914;47.875265;-1.6404465990877386;1
Madagascar;2016;692;R;-18.252825;49.267806;-0.8627315307037323;1
Madagascar;2016;693;R;-17.694408;49.474804;0.3424175651266511;1
Madagascar;2016;694;R;-17.60002;49.286192;-1.4950483128645915;1
Madagascar;2016;695;R;-17.772909;49.070845;-1.9367875015582088;1
Madagascar;2016;696;R;-19.573097;48.51759;-1.703896127875719;1
Madagascar;2016;697;U;-17.032417;49.831299;0.6355214072087302;1
Madagascar;2016;698;U;-15.43932;49.750119;0.4097504961639261;1
Madagascar;2016;699;R;-15.319406;49.812507;-1.0204111121347013;1
Madagascar;2016;700;R;-15.485193;49.635597;-0.450918158023873;1
Madagascar;2016;701;R;-16.152528;49.698981;0.055128595546999;1
Madagascar;2016;702;R;-16.372193;49.799636;-1.287464810682729;1
Madagascar;2016;703;U;-17.380663;49.404687;0.1203869088275199;1
Madagascar;2016;704;U;-17.392082;49.409307;0.7584882696490293;1
Madagascar;2016;705;R;-17.363644;49.337639;-0.0241533989757042;1
Madagascar;2016;706;R;-17.189488;49.380361;-1.2959222755801536;1
Madagascar;2016;707;R;-17.020847;48.866858;-1.7964910146991029;1
Madagascar;2016;708;R;-17.16803;49.183161;-1.695050915374683;1
Madagascar;2016;709;R;-17.464971;49.191191;0.2058160609882026;1
Madagascar;2016;710;R;-17.518682;49.224508;-0.0975332330883364;1
Madagascar;2016;711;R;-17.556416;49.273936;-1.407544655438609;1
Madagascar;2016;712;R;-17.378146;49.341347;-0.2744432703976917;1
Madagascar;2016;713;R;-17.311983;49.094443;-1.3668081813277673;1
Madagascar;2016;714;R;-17.34492;49.085861;-0.1361691756540167;1
Madagascar;2016;715;R;-17.647592;49.159731;-1.377737767220573;1
Madagascar;2016;716;R;-17.394878;49.005073;-1.4161681356648868;1
Madagascar;2016;717;R;-16.941115;49.574828;0.0969682052459119;1
Madagascar;2016;718;R;-16.90855;49.523816;-0.96743566666401;1
Madagascar;2016;719;R;-16.852958;49.598875;-0.4206867860032515;1
Madagascar;2016;720;R;-16.949127;49.303241;-1.5639507064177167;1
Madagascar;2016;721;R;-16.760743;49.528234;-1.2533557863948186;1
Madagascar;2016;722;R;-16.700666;49.687779;-1.3184082077300838;1
Madagascar;2016;723;R;-17.591832;48.213854;0.6329548395852252;1
Madagascar;2016;724;R;-17.423154;48.32279;-1.462942084117498;1
Madagascar;2016;725;R;-17.870539;48.145022;-0.7264386195314341;1
Madagascar;2016;726;R;-17.267025;48.510314;-1.0167520551586609;1
Madagascar;2016;727;U;-17.820964;48.406138;0.2556356317416391;1
Madagascar;2016;728;U;-17.841911;48.42018;0.6436685264074052;1
Madagascar;2016;729;R;-17.76369;48.315394;-1.183365408875867;1
Madagascar;2016;730;R;-17.860388;48.280077;-0.7939752657798708;1
Madagascar;2016;731;R;-17.992304;48.447404;-1.847303706128033;1
Madagascar;2016;732;R;-17.994578;48.073731;-0.3781549134492599;1
Madagascar;2016;733;U;-18.93212;48.222176;0.8911590834377608;1
Madagascar;2016;734;R;-19.024278;48.024249;-1.409004467359486;1
Madagascar;2016;735;R;-19.06697;48.366075;-1.7714436113664869;1
Madagascar;2016;736;R;-19.04439;48.082096;-2.402269685895213;1
Madagascar;2016;737;R;-16.914759;48.492908;-2.1598376546860587;1
Madagascar;2016;738;R;-19.391575;48.311761;-2.0302625942321346;1
Madagascar;2016;739;U;-15.707322;46.315251;1.2947522771316735;1
Madagascar;2016;740;U;-15.703839;46.32007;1.7874521363069062;1
Madagascar;2016;741;U;-15.671495;46.335656;0.2070238212992257;1
Madagascar;2016;742;U;-15.718926;46.318074;1.4456580155884489;1
Madagascar;2016;743;U;-15.725891;46.356592;-0.5415520497782997;1
Madagascar;2016;744;R;-16.472955;46.868302;-1.9546905174500804;1
Madagascar;2016;745;R;-16.482817;46.486144;-2.5018812392505696;1
Madagascar;2016;746;R;-16.626884;46.113921;-2.750059617590673;1
Madagascar;2016;747;U;-16.094855;46.645187;0.1043537058592142;1
Madagascar;2016;748;R;-16.17225;46.772969;-1.889727216384305;1
Madagascar;2016;749;R;-16.161608;46.513248;-0.9814246380423672;1
Madagascar;2016;750;R;-16.135606;45.698634;-2.533100764432499;1
Madagascar;2016;751;R;-15.5976;46.432555;-0.9815108265690132;1
Madagascar;2016;752;R;-15.704689;46.869873;-2.1313540061255005;1
Madagascar;2016;753;R;-15.82101;47.602973;-1.4595332543569122;1
Madagascar;2016;754;R;-15.65959;47.197768;-2.8277858050129505;1
Madagascar;2016;755;U;-15.858819;48.824045;0.5961135725899683;1
Madagascar;2016;756;R;-15.797378;48.796824;-1.0230002101883249;1
Madagascar;2016;757;R;-15.753097;48.467739;-2.5509330213448016;1
Madagascar;2016;758;R;-16.407916;48.791532;-2.5029869332759787;1
Madagascar;2016;759;R;-14.516521;48.047668;-1.900604870120096;1
Madagascar;2016;760;R;-14.080849;48.160044;-2.470469388934589;1
Madagascar;2016;761;R;-15.086254;48.386712;-1.756231860745885;1
Madagascar;2016;762;R;-15.247265;48.765115;-3.0533285345232986;1
Madagascar;2016;763;R;-15.084606;49.281824;-2.424912947519392;1
Madagascar;2016;764;U;-14.870254;48.006256;0.0214965491167186;1
Madagascar;2016;765;R;-14.651733;48.286263;-2.952883886298594;1
Madagascar;2016;766;R;-14.618648;48.920291;-2.545358920735153;1
Madagascar;2016;767;R;-14.644828;48.941025;-2.4176373195188616;1
Madagascar;2016;768;R;-16.24285;47.290523;-3.1685314990410065;1
Madagascar;2016;769;U;-16.957026;46.823026;0.7338693472370236;1
Madagascar;2016;770;U;-16.949774;46.84656;-1.4666558171311364;1
Madagascar;2016;771;R;-17.099771;46.781115;-1.4907829517108144;1
Madagascar;2016;772;R;-17.166071;46.511921;-2.145017594838869;1
Madagascar;2016;773;R;-17.217344;46.831784;-0.5254667387044702;1
Madagascar;2016;774;R;-16.822693;46.908589;-0.9071315393575876;1
Madagascar;2016;775;R;-17.264796;46.437332;-1.0919856064473612;1
Madagascar;2016;776;R;-17.747875;47.0292;-0.2343668595289473;1
Madagascar;2016;777;R;-16.842078;46.840503;-1.2107999271769714;1
Madagascar;2016;778;R;-16.728119;47.524167;-2.7958288865508067;1
Madagascar;2016;779;R;-16.941253;47.584672;-2.4266746565897632;1
Madagascar;2016;780;R;-16.439674;47.354563;-1.5331867369349224;1
Madagascar;2016;781;R;-17.460809;47.497256;-0.4654923177936814;1
Madagascar;2016;782;R;-17.845943;47.904253;-2.04706663399352;1
Madagascar;2016;783;R;-17.711857;47.430549;-1.885105646976696;1
Madagascar;2016;784;R;-16.744274;44.828616;-1.694627728894594;1
Madagascar;2016;785;R;-16.620026;44.625867;-2.9110191706188435;1
Madagascar;2016;786;R;-16.348245;44.887239;-2.0775735483631297;1
Madagascar;2016;787;R;-17.746553;45.679111;-2.9076441740733543;1
Madagascar;2016;788;R;-18.675821;44.624863;-0.1997951201603449;1
Madagascar;2016;789;U;-18.041617;44.033916;0.478049904584199;1
Madagascar;2016;790;U;-18.058708;44.026647;0.7533068254126334;1
Madagascar;2016;791;R;-18.124361;44.209904;-2.7515799669677032;1
Madagascar;2016;792;R;-18.288745;44.21651;-1.984949485498076;1
Madagascar;2016;793;R;-17.489971;43.961642;-1.2143337167535284;1
Madagascar;2016;794;R;-17.486936;44.301742;-2.9134149836363528;1
Madagascar;2016;795;R;-17.341442;44.139762;-1.3372255914325242;1
Madagascar;2016;796;R;-17.919737;45.301963;-2.88254010080897;1
Madagascar;2016;797;U;-23.363134;43.68155;0.8963963816245337;1
Madagascar;2016;798;U;-23.336826;43.667574;-0.7238663349866119;1
Madagascar;2016;799;R;-21.712004;45.127098;-2.4611203128042383;1
Madagascar;2016;800;R;-22.471905;44.325222;-2.979283513646972;1
Madagascar;2016;801;R;-23.97034;44.607613;-2.095252676067623;1
Madagascar;2016;802;R;-23.549034;44.323472;-1.83747843750604;1
Madagascar;2016;803;R;-23.511361;44.693067;-2.9376798210454584;1
Madagascar;2016;804;R;-23.973804;44.177844;-2.059573734492986;1
Madagascar;2016;805;R;-24.665242;44.797408;-1.804054519267235;1
Madagascar;2016;806;R;-24.411351;44.853483;-2.7113997156058387;1
Madagascar;2016;807;R;-24.405646;44.466874;-2.5444175700693403;1
Madagascar;2016;808;R;-24.186386;44.826492;-2.5853377195369065;1
Madagascar;2016;809;R;-25.18633;44.458152;-1.88555544304317;1
Madagascar;2016;810;R;-24.045502;44.916455;-1.7602121129056272;1
Madagascar;2016;811;R;-24.731762;43.988139;-2.38641237173208;1
Madagascar;2016;812;R;-22.866962;44.438488;-2.539769573290851;1
Madagascar;2016;813;R;-23.656363;43.649028;-1.1499289910243613;1
Madagascar;2016;814;R;-22.793271;43.660934;-2.6204608920947368;1
Madagascar;2016;815;R;-25.124816;44.938522;-2.0421179761706925;1
Madagascar;2016;816;R;-25.282738;45.202325;-1.6789007482668383;1
Madagascar;2016;817;R;-25.137253;45.387361;-2.1142917454420256;1
Madagascar;2016;818;R;-25.476167;45.541982;-1.148416849449564;1
Madagascar;2016;819;R;-25.309369;45.734396;-0.7665727689043433;1
Madagascar;2016;820;U;-25.061378;46.067143;-1.2699324124064744;1
Madagascar;2016;821;U;-25.187364;46.089179;-0.255349780876875;1
Madagascar;2016;822;U;-25.177352;46.099311;0.0705343178878691;1
Madagascar;2016;823;U;-25.234346;46.085682;-1.0614717975829755;1
Madagascar;2016;824;R;-25.202868;45.942314;-0.5710155683503537;1
Madagascar;2016;825;R;-25.162183;46.205853;-0.7217294506729038;1
Madagascar;2016;826;R;-25.171604;45.845063;-0.8845192236733018;1
Madagascar;2016;827;R;-24.874119;45.689954;-1.814903159822289;1
Madagascar;2016;828;R;-24.85823;45.61005;-1.818078359630442;1
Madagascar;2016;829;U;-24.221768;45.318825;-0.0159478064017911;1
Madagascar;2016;830;U;-24.342337;45.150546;-2.7127334232835545;1
Madagascar;2016;831;R;-24.3439;45.199457;-2.2810372668392347;1
Madagascar;2016;832;R;-24.492275;45.343289;-2.393466217600368;1
Madagascar;2016;833;R;-24.560956;45.296299;-1.7171633495202256;1
Madagascar;2016;834;R;-24.632065;45.381073;-1.9032898588444016;1
Madagascar;2016;835;U;-25.029818;46.985157;0.2418471568309706;1
Madagascar;2016;836;U;-25.028938;46.996824;0.5003539196244654;1
Madagascar;2016;837;U;-25.035526;46.960276;0.0338839422897264;1
Madagascar;2016;838;R;-24.948483;46.877358;-1.5352391398287035;1
Madagascar;2016;839;R;-25.011152;46.670775;-1.620580270770343;1
Madagascar;2016;840;R;-24.62525;46.906652;-1.7936166538365146;1
Madagascar;2016;841;R;-24.709257;46.994882;-1.6813221052714575;1
Madagascar;2016;842;U;-23.271862;46.093428;-0.1583300485226149;1
Madagascar;2016;843;R;-23.288837;45.777535;-2.813741939752293;1
Madagascar;2016;844;R;-23.081892;45.948827;-3.344769780691084;1
Madagascar;2016;845;R;-23.641519;45.717971;-2.546076351832433;1
Madagascar;2016;846;R;-25.047621;46.38091;0.2740644152327642;1
Madagascar;2016;847;R;-25.111276;46.383204;-0.5681121320907208;1
Madagascar;2016;848;R;-24.885095;46.114871;-2.3040179294928635;1
Madagascar;2016;849;R;-24.333391;46.526427;-1.737450060556607;1
Madagascar;2016;850;R;-24.168902;45.988633;-1.8636290419925048;1
Madagascar;2016;851;R;-24.600016;45.998646;-1.6249102873625838;1
Madagascar;2016;852;R;-21.436805;44.31969;0.0598276322366495;1
Madagascar;2016;853;R;-21.695663;43.867384;-1.7961936010188049;1
Madagascar;2016;854;U;-20.283435;44.283618;0.2516445700478194;1
Madagascar;2016;855;U;-20.295302;44.309529;0.3163388012691967;1
Madagascar;2016;856;R;-20.301933;44.343661;-0.4764190087954298;1
Madagascar;2016;857;R;-20.588434;44.350483;-1.2344551808184023;1
Madagascar;2016;858;U;-20.391956;44.654384;-0.1348685219458026;1
Madagascar;2016;859;R;-20.364363;44.676714;-1.5600869046917132;1
Madagascar;2016;860;R;-20.386425;45.069011;-1.5933114851984085;1
Madagascar;2016;861;R;-20.351786;45.596156;-2.0700129426713154;1
Madagascar;2016;862;R;-19.696791;44.547081;-1.1010292158638812;1
Madagascar;2016;863;R;-19.942816;44.625344;-1.4186874218685563;1
Madagascar;2016;864;R;-19.654626;45.454243;-1.7166422256198952;1
Madagascar;2016;865;R;-19.912813;45.467204;-1.9261881322176515;1
Madagascar;2016;866;R;-18.722343;45.328505;-2.787998542160512;1
Madagascar;2016;867;R;-12.519369;49.374187;-1.8452798158763413;1
Madagascar;2016;868;R;-12.749387;49.232451;-0.1430380998763183;1
Madagascar;2016;869;U;-12.283027;49.30296;0.5911493033535943;1
Madagascar;2016;870;U;-12.27554;49.301183;1.4160103506017432;1
Madagascar;2016;871;U;-12.308304;49.27031;0.5845862614373177;1
Madagascar;2016;872;U;-13.18768;49.05138;0.1840974870350073;1
Madagascar;2016;873;R;-13.138492;48.954572;-1.4264816287495177;1
Madagascar;2016;874;R;-13.076297;48.985707;-1.1202974379412822;1
Madagascar;2016;875;R;-13.376095;48.900401;-0.9154701256836552;1
Madagascar;2016;876;R;-13.604909;48.795273;-0.9250824851241602;1
Madagascar;2016;877;U;-13.405966;48.277695;0.8140602019016625;1
Madagascar;2016;878;U;-13.27906;48.32508;-0.2250556720635719;1
Madagascar;2016;879;U;-13.669717;48.443754;0.9446268988222356;1
Madagascar;2016;880;R;-13.592473;48.468196;-0.5938370675604643;1
Madagascar;2016;881;R;-13.513691;48.619259;-0.8523458026649856;1
Madagascar;2016;882;R;-13.782603;47.896472;-0.6857526849406769;1
Madagascar;2016;883;U;-14.880217;50.251071;-1.329463430407303;1
Madagascar;2016;884;R;-14.982863;50.229915;-0.1403065271514761;1
Madagascar;2016;885;R;-15.224464;50.313254;-1.8861897038771924;1
Madagascar;2016;886;R;-14.591425;50.133543;-0.586299412273634;1
Madagascar;2016;887;U;-14.249786;50.142655;0.2966468977923665;1
Madagascar;2016;888;R;-14.319999;50.094016;-0.9345512652982708;1
Madagascar;2016;889;R;-14.488389;50.068242;-0.958563934475538;1
Madagascar;2016;890;R;-14.487397;49.910966;-1.4008196842944978;1
Madagascar;2016;891;U;-14.659461;49.63325;0.2274662144402194;1
Madagascar;2016;892;R;-14.658295;49.539295;0.2242614143782621;1
Madagascar;2016;893;R;-14.547086;49.738813;-0.3338436287768297;1
Madagascar;2016;894;R;-13.697883;49.958903;-1.1640917049672252;1
Madagascar;2016;895;R;-13.728606;49.943289;-1.4440210747625457;1
Madagascar;2016;896;R;-13.882569;49.810846;-1.6672220052336402;1
Madagascar;2016;897;R;-13.914706;49.910026;-0.3504720069817627;1
